{
  "task_easy": -0.03999999999999998,
  "task_medium": 0.05000000000000003,
  "task_hard": -0.7599999999999999,
  "average": -0.24999999999999997
}